name,formula,class_def,frags
A,3|7|1|2|0|0,nonpolar,side_loss|1|3|0|0|0|0
C,3|7|1|2|1|0,polar,beta_elim|0|2|0|0|1|0~side_loss|1|3|0|0|1|0
D,4|7|1|4|0|0,acidic,water|0|2|0|1|0|0~hydroxyl|0|1|0|1|0|0~carboxylic|1|1|0|2|0|0~side_loss|2|3|0|2|0|0
E,5|9|1|4|0|0,acidic,water|0|2|0|1|0|0~hydroxyl|0|1|0|1|0|0~carboxylic|1|1|0|2|0|0~side_loss|3|5|0|2|0|0
F,9|11|1|2|0|0,nonpolar,side_loss|7|7|0|0|0|0~charged_side_loss|7|7|0|0|0|1~charged_alkene_side_loss|8|7|0|0|0|1
G,2|5|1|2|0|0,nonpolar,ND|0|0|0|0|0|0
H,6|9|3|2|0|0,basic,side_loss|4|5|2|0|0|0~charged_side_loss|4|5|2|0|0|1~charged_alkene_side_loss|5|5|2|0|0|1~charged_radical_side_loss|4|6|2|0|0|1
I,6|13|1|2|0|0,nonpolar,side_loss|4|9|0|0|0|0~part_side_loss|2|5|0|0|0|0~alkene|0|2|0|0|0|0
K,6|14|2|2|0|0,basic,side_cyclization|0|3|1|0|0|0~alkene|0|2|0|0|0|0~side_loss|4|10|1|0|0|0
L,6|13|1|2|0|0,nonpolar,side_loss|4|9|0|0|0|0~part_side_loss|2|5|0|0|0|0~charged_side_loss|4|9|0|0|0|1
M,5|11|1|2|1|0,nonpolar,side_loss|3|7|0|0|1|0~charged_side_loss|3|7|0|0|1|1~charged_side_loss_partial_aliph|2|5|0|0|1|1~partial_side_loss|2|5|0|0|1|0
N,4|8|2|3|0|0,polar,ammonia_loss|0|3|1|0|0|0~side_loss|2|4|1|1|0|0
P,5|9|1|2|0|0,nonpolar,alkene|0|2|0|0|0|0
Q,5|10|2|3|0|0,polar,ammonia_loss|0|3|1|0|0|0~side_loss|3|6|1|1|0|0
R,6|14|4|2|0|0,basic,side_loss_partial_guanidino|1|2|2|0|0|-1~side_loss_guanadino_with_alkene|1|6|3|0|0|-1~side_loss|4|10|3|0|0|0
S,3|7|1|3|0|0,polar,beta_elim|0|2|0|1|0|0~side_loss|1|3|0|1|0|0
T,4|9|1|3|0|0,polar,beta_elim|0|2|0|1|0|0~side_loss|2|5|0|1|0|0
V,5|11|1|2|0|0,nonpolar,side_loss|3|7|0|0|0|0~part_side_loss|1|3|0|0|0|0
W,11|12|2|2|0|0,polar,side_loss|9|8|1|0|0|0~charged_side_loss|9|8|1|0|0|1
Y,9|11|1|3|0|0,polar,side_loss|7|7|0|1|0|0~charged_side_loss|7|7|0|1|0|1~charged_alkene_side_loss|8|7|0|1|0|1